{
  "id": "wordpress_delete_comment",
  "name": "Delete Comment",
  "description": "Deletes a WordPress comment",
  "version": "1.0.0",
  "category": "wordpress",
  "icon": "trash",
  "inputs": {
    "comment_id": {
      "type": "integer",
      "required": true,
      "label": "Comment ID"
    }
  },
  "outputs": {
    "success": {
      "type": "boolean",
      "label": "Success"
    },
    "comment_id": {
      "type": "integer",
      "label": "Comment ID"
    },
    "status": {
      "type": "string",
      "label": "Status"
    }
  },
  "handler": "U43\\Tools\\Built_In\\WordPress\\Delete_Comment",
  "permissions": ["moderate_comments"]
}

